name,phonetic_family
Avenqor,engineered
Belvoriq,engineered
Corunex,engineered
Delqavi,engineered
Elvaroq,engineered
Fenuriq,engineered
Gavoryx,engineered
Helunex,engineered
Iveraqo,engineered
Jenavix,engineered
Keloriq,engineered
Lenavox,engineered
Moruniq,engineered
Navelqx,engineered
Ovarnix,engineered
Pelarux,engineered
Qanovix,engineered
Revoriq,engineered
Selunex,engineered
Tavoryq,engineered
Ulenvix,engineered
Veloriq,engineered
Wanorux,engineered
Xelaviq,engineered
Yunorix,engineered
Zavureq,engineered
Arvonel,engineered
Bruniq,engineered
Cavoryn,engineered
Deliqor,engineered
Erunavo,engineered
Flaviq,engineered
Grunexa,engineered
Havoriq,engineered
Isqalen,engineered
Jorunex,engineered
Kavenyx,engineered
Loruniq,engineered
Meraviq,engineered
Norvexa,engineered
Olyvorn,engineered
Peruniq,engineered
Qoravel,engineered
Renuvex,engineered
Solariq,engineered
Tenuvex,engineered
Ulariq,engineered
Vornexa,engineered
Werynex,engineered
Xunavoq,engineered
Yelvori,engineered
Zeluqon,engineered
Avantra,constructed
Belqora,constructed
Cevanix,constructed
Doruqel,constructed
Elnavro,constructed
Farynex,constructed
Goruvel,constructed
Helyqor,constructed
Ivarnex,constructed
Jenuqor,constructed
Korynex,constructed
Luvanor,constructed
Meryqon,constructed
Naluqen,constructed
Orevixa,constructed
Pynorav,constructed
Qelunor,constructed
Ravuqen,constructed
Selynor,constructed
Tovurix,constructed
Uvenqor,constructed
Velyrax,constructed
Wunoreq,constructed
Xavunor,constructed
Yavorex,constructed
Zoravel,constructed
Noryxal,angular
Velqaro,angular
Qivunex,angular
Zaryvox,angular
Kelynor,angular
Vunarix,angular
Xoravel,angular
Jyvunex,angular
Mavoriq,angular
Telunax,angular
Relyvoq,angular
Pavorux,angular
Genuvex,angular
Horynex,angular
Delyqor,angular
Cavorix,angular
Benuvex,angular
Aloryqx,angular
Fenuvra,angular
Ixonari,angular
Oruvian,angular
Sylavoq,angular
Tavunex,angular
Uxovari,angular
Welyqor,angular
Yarunex,angular
Varuniva,rhythmic
Zelinuno,rhythmic
Kovareli,rhythmic
Tenuvani,rhythmic
Buranivo,rhythmic
Delumaro,rhythmic
Fenaruli,rhythmic
Gavaleno,rhythmic
Hivorani,rhythmic
Jeluvaro,rhythmic
Kinaruvo,rhythmic
Lavenori,rhythmic
Meluravi,rhythmic
Noraveli,rhythmic
Ovelunari,rhythmic
Pavunelo,rhythmic
Qeravuni,rhythmic
Raluvino,rhythmic
Savenulo,rhythmic
Tovarela,rhythmic
Ulinavor,rhythmic
Vemaruni,rhythmic
Walenivo,rhythmic
Xoraveli,rhythmic
Yelunavo,rhythmic
Zaviruno,rhythmic
Averuniq,rhythmic
Belanivo,rhythmic
Ceruvano,rhythmic
Divarelo,rhythmic
Elunavor,rhythmic
Faveruni,rhythmic
Geloravi,rhythmic
Hunalivo,rhythmic
Iveraloq,rhythmic
Javunero,rhythmic
Kelavuni,rhythmic
Loranivo,rhythmic
Menuravi,rhythmic
Navelori,rhythmic
Oravunel,rhythmic
Peluravi,rhythmic
Qunavelo,rhythmic
Raveluni,rhythmic
Senovari,rhythmic
Teluvaro,rhythmic
Uveranoq,rhythmic
Velunari,rhythmic
Wavoreni,rhythmic
Xelunavo,rhythmic
Yaroveli,rhythmic
Zunavero,rhythmic
