name,family
QueryAnvil,semantic
QueryBeacon,semantic
QueryBench,semantic
QueryBrio,semantic
QueryCanvas,semantic
QueryCompass,semantic
QueryCore,semantic
QueryCove,semantic
QueryDeck,semantic
QueryDock,semantic
QueryField,semantic
QueryForge,semantic
QueryGlyph,semantic
QueryHarbor,semantic
QueryHelm,semantic
QueryKeel,semantic
QueryLoom,semantic
QueryMint,semantic
QueryOrbit,semantic
QueryPrism,semantic
SerpAnvil,semantic
SerpBeacon,semantic
SerpBench,semantic
SerpBrio,semantic
SerpCanvas,semantic
SerpCompass,semantic
SerpCore,semantic
SerpCove,semantic
SerpDeck,semantic
SerpDock,semantic
SerpField,semantic
SerpForge,semantic
SerpGlyph,semantic
SerpHarbor,semantic
SerpHelm,semantic
SerpKeel,semantic
SerpLoom,semantic
SerpMint,semantic
SerpOrbit,semantic
SerpPrism,semantic
SearchAnvil,semantic
SearchBeacon,semantic
SearchBench,semantic
SearchBrio,semantic
SearchCanvas,semantic
SearchCompass,semantic
SearchCore,semantic
SearchCove,semantic
SearchDeck,semantic
SearchDock,semantic
SearchField,semantic
SearchForge,semantic
SearchGlyph,semantic
SearchHarbor,semantic
SearchHelm,semantic
SearchKeel,semantic
SearchLoom,semantic
SearchMint,semantic
SearchOrbit,semantic
SearchPrism,semantic
CrawlAnvil,semantic
CrawlBeacon,semantic
CrawlBench,semantic
CrawlBrio,semantic
CrawlCanvas,semantic
CrawlCompass,semantic
CrawlCore,semantic
CrawlCove,semantic
CrawlDeck,semantic
CrawlDock,semantic
CrawlField,semantic
CrawlForge,semantic
CrawlGlyph,semantic
CrawlHarbor,semantic
CrawlHelm,semantic
CrawlKeel,semantic
CrawlLoom,semantic
CrawlMint,semantic
CrawlOrbit,semantic
CrawlPrism,semantic
RankAnvil,semantic
RankBeacon,semantic
RankBench,semantic
RankBrio,semantic
RankCanvas,semantic
RankCompass,semantic
RankCore,semantic
RankCove,semantic
RankDeck,semantic
RankDock,semantic
RankField,semantic
RankForge,semantic
RankGlyph,semantic
RankHarbor,semantic
RankHelm,semantic
RankKeel,semantic
RankLoom,semantic
RankMint,semantic
RankOrbit,semantic
RankPrism,semantic
AuditAnvil,semantic
AuditBeacon,semantic
AuditBench,semantic
AuditBrio,semantic
AuditCanvas,semantic
AuditCompass,semantic
AuditCore,semantic
AuditCove,semantic
AuditDeck,semantic
AuditDock,semantic
AuditField,semantic
AuditForge,semantic
AuditGlyph,semantic
AuditHarbor,semantic
AuditHelm,semantic
AuditKeel,semantic
AuditLoom,semantic
AuditMint,semantic
AuditOrbit,semantic
AuditPrism,semantic
Queravo,semi-semantic
Querivo,semi-semantic
Queruno,semi-semantic
Queruxa,semi-semantic
Querelia,semi-semantic
Queronix,semi-semantic
Querava,semi-semantic
Queraro,semi-semantic
Querexa,semi-semantic
Querlio,semi-semantic
Quervia,semi-semantic
Quervex,semi-semantic
Quernor,semi-semantic
Querlyx,semi-semantic
Queriq,semi-semantic
Serpavo,semi-semantic
Serpivo,semi-semantic
Serpuno,semi-semantic
Serpuxa,semi-semantic
Serpelia,semi-semantic
Serponix,semi-semantic
Serpava,semi-semantic
Serparo,semi-semantic
Serpexa,semi-semantic
Serplio,semi-semantic
Serpvia,semi-semantic
Serpvex,semi-semantic
Serpnor,semi-semantic
Serplyx,semi-semantic
Serpiq,semi-semantic
Crawavo,semi-semantic
Crawivo,semi-semantic
Crawuno,semi-semantic
Crawuxa,semi-semantic
Crawelia,semi-semantic
Crawonix,semi-semantic
Crawava,semi-semantic
Crawaro,semi-semantic
Crawexa,semi-semantic
Crawlio,semi-semantic
Crawvia,semi-semantic
Crawvex,semi-semantic
Crawnor,semi-semantic
Crawlyx,semi-semantic
Crawiq,semi-semantic
Rankavo,semi-semantic
Rankivo,semi-semantic
Rankuno,semi-semantic
Rankuxa,semi-semantic
Rankelia,semi-semantic
Rankonix,semi-semantic
Rankava,semi-semantic
Rankaro,semi-semantic
Rankexa,semi-semantic
Ranklio,semi-semantic
Rankvia,semi-semantic
Rankvex,semi-semantic
Ranknor,semi-semantic
Ranklyx,semi-semantic
Rankiq,semi-semantic
Zavunel,fantasy
Kevunel,fantasy
Melunor,fantasy
Velunor,fantasy
Talunor,fantasy
Selunor,fantasy
Nivunor,fantasy
Zarunex,fantasy
Kivorun,fantasy
Telvuno,fantasy
Marvuniq,fantasy
Solunex,fantasy
Navoryq,fantasy
Vexarun,fantasy
Kelvuno,fantasy
Ravuniq,fantasy
Zelunex,fantasy
Fynorix,fantasy
Davoriq,fantasy
Pryvuno,fantasy
Melynox,fantasy
Tavurex,fantasy
Xelunor,fantasy
Brevuno,fantasy
Havorix,fantasy
Jelvuno,fantasy
Noryvex,fantasy
Zavuniq,fantasy
Kevorun,fantasy
Melvoriq,fantasy
Velunex,fantasy
Talvori,fantasy
Selunorix,fantasy
Nivarex,fantasy
Zarvuno,fantasy
Kivunel,fantasy
Telorux,fantasy
Marunex,fantasy
Solvuni,fantasy
Navirex,fantasy
Vexunor,fantasy
Kelvarix,fantasy
Ravunex,fantasy
Zelvori,fantasy
Fynurax,fantasy
Davorux,fantasy
Prynexor,fantasy
Melvarix,fantasy
Tavunorix,fantasy
Xelvarun,fantasy
Brevunor,fantasy
Havorex,fantasy
Jelunex,fantasy
Noryvix,fantasy
Zavorex,fantasy
Kevunex,fantasy
Melorux,fantasy
Velvarin,fantasy
Talunex,fantasy
Zivunor,fantasy
